Season,Country,ILI_CASES,REL,B_REL,H3_REL,H1pdm_REL,H3_REL_LAG1,H1pdm_REL_LAG1,B_REL_LAG1,H3_REL_LAG2,H1pdm_REL_LAG2,B_REL_LAG2,H3_REL_LAG3,H1pdm_REL_LAG3,B_REL_LAG3
2010,Austria,13747,0.126761212747123,0.26958883054705,0.0185082779743428,0.979515018949837,NA,NA,NA,NA,NA,NA,NA,NA,NA
2011,Austria,11605,0.107009811153733,0.12540212244578,0.944695989091546,0,0.0185082779743428,0.979515018949837,0.26958883054705,NA,NA,NA,NA,NA,NA
2012,Austria,13354,0.123137356152257,0.487418701436018,0.112488020081816,0.631466840004739,0.944695989091546,0,0.12540212244578,0.963204267065889,0.979515018949837,0.39499095299283,NA,NA,NA
2013,Austria,9504,0.0876364709353792,0.0368101493428087,0.426832360341718,0.412722199669264,0.112488020081816,0.631466840004739,0.487418701436018,1.05718400917336,0.631466840004739,0.612820823881799,1.0756922871477,1.61098185895458,0.882409654428848
2014,Austria,11561,0.106604086751254,0.282338271492085,0.566447218672473,0.217255377347983,0.426832360341718,0.412722199669264,0.0368101493428087,0.539320380423534,1.044189039674,0.524228850778827,1.48401636951508,1.044189039674,0.649630973224607
2015,Austria,9571,0.0882542785482443,0.49838844357665,0.0965070663812117,0.287647275524582,0.566447218672473,0.217255377347983,0.282338271492085,0.993279579014191,0.629977577017247,0.319148420834894,1.10576759909601,1.26144441702199,0.806567122270912
2016,Austria,9518,0.0877655650634405,0.01547503666106,0.844653224918708,0.0175273890546372,0.0965070663812117,0.287647275524582,0.49838844357665,0.662954285053685,0.504902652872564,0.780726715068736,1.0897866453954,0.917624852541829,0.817536864411544
2017,Austria,10820,0.0997713189731484,0.658314052294102,0.0575394115065832,0.281859725930799,0.844653224918708,0.0175273890546372,0.01547503666106,0.94116029129992,0.305174664579219,0.51386348023771,1.50760750997239,0.522430041927202,0.796201751729796
2018,Austria,8399,0.0774472558276778,0.00354551099640299,0.243532286565431,0.527394760714944,0.0575394115065832,0.281859725930799,0.658314052294102,0.902192636425292,0.299387114985436,0.673789088955162,0.998699702806503,0.587034390510018,1.17217753253181
2019,Austria,10369,0.0956126438477427,0.216343575574434,0.423123039667764,0.316659823235229,0.243532286565431,0.527394760714944,0.00354551099640299,0.301071698072014,0.809254486645743,0.661859563290505,1.14572492299072,0.82678187570038,0.677334599951565
2010,Belgium,6310,0.118406485147586,0.528871071640711,0.0136026390277193,0.641591140807429,NA,NA,NA,NA,NA,NA,NA,NA,NA
2011,Belgium,4977,0.0933928805989754,0.182643335042351,0.591373302432494,0.159912168514909,0.0136026390277193,0.641591140807429,0.528871071640711,NA,NA,NA,NA,NA,NA
2012,Belgium,9533,0.178885740556567,0.979815691115325,0.176719009299734,0.63232270515061,0.591373302432494,0.159912168514909,0.182643335042351,0.604975941460213,0.801503309322337,0.711514406683062,NA,NA,NA
2013,Belgium,2941,0.055187555121878,0.00842558093463787,0.329951767672515,0.213498202611627,0.176719009299734,0.63232270515061,0.979815691115325,0.768092311732228,0.792234873665519,1.16245902615768,0.781694950759947,1.43382601447295,1.69133009779839
2014,Belgium,7106,0.133343341277139,0.17055543651727,0.97171995276029,0.149740451736831,0.329951767672515,0.213498202611627,0.00842558093463787,0.506670776972248,0.845820907762238,0.988241272049962,1.09804407940474,1.00573307627715,1.17088460709231
2015,Belgium,5571,0.104539228012235,0.536098605190947,0,0.5092936749314,0.97171995276029,0.149740451736831,0.17055543651727,1.3016717204328,0.363238654348458,0.178981017451908,1.47839072973254,0.995561359499069,1.15879670856723
2016,Belgium,3885,0.0729016156574281,0.00229973550969804,0.724318017034666,0.00239840402991611,0,0.5092936749314,0.536098605190947,0.97171995276029,0.659034126668231,0.706654041708218,1.3016717204328,0.872532329279858,0.715079622642856
2017,Belgium,6009,0.112758251862416,0.742246195732989,0.0868895630048714,0.298446759886297,0.724318017034666,0.00239840402991611,0.00229973550969804,0.724318017034666,0.511692078961316,0.538398340700646,1.69603796979496,0.661432530698147,0.708953777217916
2018,Belgium,3816,0.071606837927605,0.00265210510842981,0.54538020959095,0.168036064576671,0.0868895630048714,0.298446759886297,0.742246195732989,0.811207580039538,0.300845163916214,0.744545931242687,0.811207580039538,0.810138838847613,1.28064453643363
2019,Belgium,3143,0.0589780638381716,0.0436024596468973,0.231711954614771,0.314466224120047,0.54538020959095,0.168036064576671,0.00265210510842981,0.632269772595821,0.466482824462969,0.744898300841419,1.35658778963049,0.468881228492885,0.747198036351117
2010,Croatia,56707,0.120413645195197,0.0603439679793697,0.000685726908856474,1.14310675706374,NA,NA,NA,NA,NA,NA,NA,NA,NA
2011,Croatia,42418,0.090071878284689,0.248999832775727,0.651718950071162,0,0.000685726908856474,1.14310675706374,0.0603439679793697,NA,NA,NA,NA,NA,NA
2012,Croatia,29450,0.0625351693970505,0.0268350152201903,0.353668946534277,0.244847732216038,0.651718950071162,0,0.248999832775727,0.652404676980019,1.14310675706374,0.309343800755097,NA,NA,NA
2013,Croatia,11729,0.0249057725588457,0.0244099455400632,0.224647780048394,0,0.353668946534277,0.244847732216038,0.0268350152201903,1.00538789660544,0.244847732216038,0.275834847995918,1.0060736235143,1.38795448927978,0.336178815975287
2014,Croatia,78037,0.165706520008069,0.30928328754523,0.558836402758605,0.788945509776855,0.224647780048394,0,0.0244099455400632,0.578316726582671,0.244847732216038,0.0512449607602534,1.23003567665383,0.244847732216038,0.300244793535981
2015,Croatia,21127,0.0448618174482678,0.106476765935731,0.133506217281672,0.208635191265275,0.558836402758605,0.788945509776855,0.30928328754523,0.783484182806999,0.788945509776855,0.333693233085293,1.13715312934128,1.03379324199289,0.360528248305483
2016,Croatia,51416,0.109178549056664,0.0973721730717181,0.887550990838751,0.106862326656171,0.133506217281672,0.208635191265275,0.106476765935731,0.692342620040278,0.99758070104213,0.415760053480961,0.916990400088671,0.99758070104213,0.440169999021024
2017,Croatia,64772,0.137539150838226,0.820022050915954,0.292299714455951,0.263069743010356,0.887550990838751,0.106862326656171,0.0973721730717181,1.02105720812042,0.315497517921446,0.203848939007449,1.57989361087903,1.1044430276983,0.513132226552679
2018,Croatia,61215,0.129986091498827,0.0293442003607097,0.165624820431723,1.10489189419584,0.292299714455951,0.263069743010356,0.820022050915954,1.1798507052947,0.369932069666526,0.917394223987672,1.31335692257637,0.578567260931801,1.0238709899234
2019,Croatia,54064,0.114801405714164,0.0599200694119007,0.102008811349663,0.98608517638008,0.165624820431723,1.10489189419584,0.0293442003607097,0.457924534887674,1.36796163720619,0.849366251276664,1.34547552572643,1.47482396386236,0.946738424348382
2010,Czechia,114527,0.126232822054784,0.238573993835597,0.0223527123736299,1.00140151433862,NA,NA,NA,NA,NA,NA,NA,NA,NA
2011,Czechia,63088,0.0695362340565302,0.225766993690033,0.430821419151623,0.038773927723646,0.0223527123736299,1.00140151433862,0.238573993835597,NA,NA,NA,NA,NA,NA
2012,Czechia,139504,0.153762725016203,0.349199459616236,0.349070913110913,0.839356877434876,0.430821419151623,0.038773927723646,0.225766993690033,0.453174131525253,1.04017544206226,0.46434098752563,NA,NA,NA
2013,Czechia,42312,0.0466367159428085,0.0405536660372248,0.245165344679586,0.180648148711274,0.349070913110913,0.839356877434876,0.349199459616236,0.779892332262536,0.878130805158522,0.574966453306269,0.802245044636166,1.87953231949714,0.813540447141866
2014,Czechia,112114,0.1235731889585,0.365181272692485,0.754734570299272,0.115816046593239,0.245165344679586,0.180648148711274,0.0405536660372248,0.594236257790499,1.02000502614615,0.389753125653461,1.02505767694212,1.0587789538698,0.615520119343494
2015,Czechia,76477,0.0842937257789319,0.282943974642569,0.0194592260552925,0.525399103492897,0.754734570299272,0.115816046593239,0.365181272692485,0.999899914978858,0.296464195304513,0.405734938729709,1.34897082808977,1.13582107273939,0.754934398345945
2016,Czechia,97331,0.107279216284494,0.147197064204305,0.914894577269063,0.008025391028676,0.0194592260552925,0.525399103492897,0.282943974642569,0.774193796354564,0.641215150086136,0.648125247335054,1.01935914103415,0.82186329879741,0.688678913372278
2017,Czechia,125617,0.138456332638206,0.930999478084489,0.0666251980550105,0.386938650242561,0.914894577269063,0.008025391028676,0.147197064204305,0.934353803324355,0.533424494521573,0.430141038846874,1.68908837362363,0.649240541114812,0.795322311539358
2018,Czechia,69123,0.0761880723226213,0.0326520309954092,0.156670226846462,0.572558465384342,0.0666251980550105,0.386938650242561,0.930999478084489,0.981519775324074,0.394964041271237,1.07819654228879,1.00097900137937,0.920363144764134,1.36114051693136
2019,Czechia,67175,0.074040966946922,0.0635335029907581,0.510849936964876,0.166026229513585,0.156670226846462,0.572558465384342,0.0326520309954092,0.223295424901473,0.959497115626903,0.963651509079898,1.13819000217054,0.967522506655579,1.1108485732842
2010,Denmark,9519,0.231763731982859,1.11571162004877,0.0304284987286029,1.17149720105122,NA,NA,NA,NA,NA,NA,NA,NA,NA
2011,Denmark,3708,0.0902804830541488,0.292801566662104,0.585603133324209,0.0244001305551753,0.0304284987286029,1.17149720105122,1.11571162004877,NA,NA,NA,NA,NA,NA
2012,Denmark,7358,0.179148811842618,0.678547742754265,0.941814863363213,0.1711255123087,0.585603133324209,0.0244001305551753,0.292801566662104,0.616031632052812,1.19589733160639,1.40851318671088,NA,NA,NA
2013,Denmark,2614,0.0636443319049474,0.0565244279941463,0.0460100938357946,0.533908797219533,0.941814863363213,0.1711255123087,0.678547742754265,1.52741799668742,0.195525642863876,0.971349309416369,1.55784649541602,1.36702284391509,2.08706092946514
2014,Denmark,3531,0.0859709777950916,0.180006775270774,0.416286504429567,0.263416498250575,0.0460100938357946,0.533908797219533,0.0565244279941463,0.987824957199008,0.705034309528234,0.735072170748411,1.57342809052322,0.729434440083409,1.02787373741052
2015,Denmark,4142,0.100847292559408,0.529044546534883,0.0434199286695121,0.436008450389683,0.416286504429567,0.263416498250575,0.180006775270774,0.462296598265361,0.797325295470109,0.23653120326492,1.40411146162857,0.968450807778809,0.915078946019185
2016,Denmark,2444,0.0595052590572653,0.0349593396961434,0.556273097538946,0.00382015333756276,0.0434199286695121,0.436008450389683,0.529044546534883,0.459706433099079,0.699424948640259,0.709051321805657,0.505716526934873,1.23333374585979,0.765575749799803
2017,Denmark,3961,0.0964403973509934,0.689423059317656,0.151129761277854,0.123851152914424,0.556273097538946,0.00382015333756276,0.0349593396961434,0.599693026208459,0.439828603727246,0.564003886231026,1.01597953063803,0.703245101977822,0.7440106615018
2018,Denmark,2666,0.0649104012465914,0.00721535028820594,0.257766313157977,0.38412234901973,0.151129761277854,0.123851152914424,0.689423059317656,0.7074028588168,0.127671306251987,0.724382399013799,0.750822787486312,0.56367975664167,1.25342694554868
2019,Denmark,1129,0.0274883132060771,0.0286407912607943,0.152058406783204,0.0941839340167732,0.257766313157977,0.38412234901973,0.00721535028820594,0.408896074435831,0.507973501934154,0.696638409605862,0.965169171974777,0.511793655271717,0.731597749302005
2010,Estonia,5024,0.099583746283449,0.147379850614765,0.00424228806109862,0.844215324158626,NA,NA,NA,NA,NA,NA,NA,NA,NA
2011,Estonia,4203,0.0833102081268583,0.0633236736356168,0.769778407632966,0,0.00424228806109862,0.844215324158626,0.147379850614765,NA,NA,NA,NA,NA,NA
2012,Estonia,5774,0.114449950445986,0.371319361699758,0.550399423659735,0.209675970917994,0.769778407632966,0,0.0633236736356168,0.774020695694065,0.844215324158626,0.210703524250382,NA,NA,NA
2013,Estonia,4714,0.0934390485629336,0,0.14322773867311,0.791162746956226,0.550399423659735,0.209675970917994,0.371319361699758,1.3201778312927,0.209675970917994,0.434643035335375,1.3244201193538,1.05389129507662,0.58202288595014
2014,Estonia,5963,0.118196233894945,0.294340815925157,0.668455714870151,0.219165808154147,0.14322773867311,0.791162746956226,0,0.693627162332845,1.00083871787422,0.371319361699758,1.46340556996581,1.00083871787422,0.434643035335375
2015,Estonia,5582,0.110644202180377,0.419483302850305,0,0.686958718953461,0.668455714870151,0.219165808154147,0.294340815925157,0.811683453543261,1.01032855511037,0.294340815925157,1.362082877203,1.22000452602837,0.665660177624915
2016,Estonia,5132,0.101724479682854,0.0852177369374835,0.93202705989106,0,0,0.686958718953461,0.419483302850305,0.668455714870151,0.906124527107609,0.713824118775461,0.811683453543261,1.69728727406383,0.713824118775461
2017,Estonia,5547,0.109950445986125,0.665915046316894,0.227527117998523,0.206062295545832,0.93202705989106,0,0.0852177369374835,0.93202705989106,0.686958718953461,0.504701039787788,1.60048277476121,0.906124527107609,0.799041855712945
2018,Estonia,5197,0.103012884043608,0.0221299793017017,0.123428431975638,0.884570429158736,0.227527117998523,0.206062295545832,0.665915046316894,1.15955417788958,0.206062295545832,0.751132783254378,1.15955417788958,0.893021014499293,1.17061608610468
2019,Estonia,3314,0.0656888007928642,0.209535705073128,0.138466188979088,0.308886113876426,0.123428431975638,0.884570429158736,0.0221299793017017,0.350955549974161,1.09063272470457,0.688045025618596,1.28298260986522,1.09063272470457,0.77326276255608
2010,Hungary,109757,0.111885395885938,0.215094702914808,0.00183318307493828,0.901926072869635,NA,NA,NA,NA,NA,NA,NA,NA,NA
2011,Hungary,75874,0.0773453404106314,0.395826153866173,0.377627250240142,0,0.00183318307493828,0.901926072869635,0.215094702914808,NA,NA,NA,NA,NA,NA
2012,Hungary,75207,0.0766654060186936,0.244862893747919,0.231581472745407,0.290209693693611,0.377627250240142,0,0.395826153866173,0.37946043331508,0.901926072869635,0.610920856780981,NA,NA,NA
2013,Hungary,62965,0.0641860104773099,0.0401162565483187,0.218410730096402,0.383333118128378,0.231581472745407,0.290209693693611,0.244862893747919,0.609208722985549,0.290209693693611,0.640689047614092,0.611041906060487,1.19213576656325,0.8557837505289
2014,Hungary,138654,0.141342763387929,0.151855861491163,1.13072764119617,0.130844131191957,0.218410730096402,0.383333118128378,0.0401162565483187,0.449992202841809,0.673542811821989,0.284979150296238,0.82761945308195,0.673542811821989,0.68080530416241
2015,Hungary,87811,0.0895138214249672,0.547548009969005,0.119484132721479,0.228106071559187,1.13072764119617,0.130844131191957,0.151855861491163,1.34913837129257,0.514177249320335,0.191972118039482,1.58071984403797,0.804386943013946,0.436835011787401
2016,Hungary,130041,0.13256274102247,0.116081967814271,0.913296829316674,0.29624861309376,0.119484132721479,0.228106071559187,0.547548009969005,1.25021177391764,0.358950202751144,0.699403871460169,1.46862250401405,0.742283320879523,0.739520128008487
2017,Hungary,122089,0.124456536697598,0.969791195046221,0.0315314623525957,0.243242709577167,0.913296829316674,0.29624861309376,0.116081967814271,1.03278096203815,0.524354684652947,0.663629977783277,2.16350860323432,0.655198815844904,0.81548583927444
2018,Hungary,105166,0.107205367709946,0.0114048263521219,0.464547752459107,0.594045577259655,0.0315314623525957,0.243242709577167,0.969791195046221,0.944828291669269,0.539491322670927,1.08587316286049,1.06431242439075,0.767597394230114,1.6334211728295
2019,Hungary,73413,0.074836616964516,0.189746578490921,0.139150728482464,0.419468862671775,0.464547752459107,0.594045577259655,0.0114048263521219,0.496079214811703,0.837288286836821,0.981196021398343,1.40937604412838,1.13353689993058,1.09727798921261
2010,Iceland,2240,0.100017860332202,0.812225577194394,0.021686887630111,0.166266138497518,NA,NA,NA,NA,NA,NA,NA,NA,NA
2011,Iceland,2385,0.106492230755492,0,1.06492230755492,0,0.021686887630111,0.166266138497518,0.812225577194394,NA,NA,NA,NA,NA,NA
2012,Iceland,3168,0.141453831041257,0.355066296540808,0.462421486717511,0.597050527154254,1.06492230755492,0,0,1.08660919518503,0.166266138497518,0.812225577194394,NA,NA,NA
2013,Iceland,1318,0.0588497946061797,0.0524005020465984,0.0524005020465984,0.4836969419686,0.462421486717511,0.597050527154254,0.355066296540808,1.52734379427243,0.597050527154254,0.355066296540808,1.54903068190254,0.763316665651772,1.1672918737352
2014,Iceland,2851,0.127299517771031,0.391690823910864,0.827891968720688,0.0534123850787541,0.0524005020465984,0.4836969419686,0.0524005020465984,0.51482198876411,1.08074746912285,0.407466798587406,1.57974429631903,1.08074746912285,0.407466798587406
2015,Iceland,2844,0.126986961957492,0.402334928974234,0.0586738438087424,0.808860846791948,0.827891968720688,0.0534123850787541,0.391690823910864,0.880292470767286,0.537109327047354,0.444091325957462,1.3427139574848,1.13415985420161,0.79915762249827
2016,Iceland,2194,0.0979639221289516,0.066621523549828,0.913017697739688,0,0.0586738438087424,0.808860846791948,0.402334928974234,0.88656581252943,0.862273231870702,0.794025752885097,0.938966314576028,1.3459701738393,0.846426254931696
2017,Iceland,2983,0.13319342739775,0.802163314762614,0.439688447931379,0.0900825112835021,0.913017697739688,0,0.066621523549828,0.971691541548431,0.808860846791948,0.468956452524061,1.79958351026912,0.862273231870702,0.860647276434925
2018,Iceland,1488,0.0664404357921057,0.00902723312392739,0.352197125237239,0.303179999559891,0.439688447931379,0.0900825112835021,0.802163314762614,1.35270614567107,0.0900825112835021,0.868784838312442,1.41137998947981,0.89894335807545,1.27111976728668
2019,Iceland,925,0.0413020182175388,0.118155140723592,0.155474294583674,0.139390746868122,0.352197125237239,0.303179999559891,0.00902723312392739,0.791885573168618,0.393262510843393,0.811190547886542,1.70490327090831,0.393262510843393,0.87781207143637
2010,Ireland,3043,0.16052964760498,0.470286264524683,0.0322904754345695,1.10271973609055,NA,NA,NA,NA,NA,NA,NA,NA,NA
2011,Ireland,1102,0.0581346275585567,0.0399867808603829,0.540238667613952,0.00112082711123227,0.0322904754345695,1.10271973609055,0.470286264524683,NA,NA,NA,NA,NA,NA
2012,Ireland,1986,0.10476893859464,0.495039933640916,0.383190642344412,0.169458809961074,0.540238667613952,0.00112082711123227,0.0399867808603829,0.572529143048521,1.10384056320178,0.510273045385066,NA,NA,NA
2013,Ireland,1392,0.0734332137581768,0.0145180460873946,0.483908632937394,0.23590545855698,0.383190642344412,0.169458809961074,0.495039933640916,0.923429309958364,0.170579637072307,0.535026714501298,0.955719785392933,1.27329937316285,1.00531297902598
2014,Ireland,1666,0.0878877400295421,0.232139703529756,0.570460555974861,0.0762771407908039,0.483908632937394,0.23590545855698,0.0145180460873946,0.867099275281807,0.405364268518054,0.50955797972831,1.40733794289576,0.406485095629286,0.549544760588693
2015,Ireland,2207,0.116427516353661,0.420094048972416,0.0289106332276737,0.715270481336521,0.570460555974861,0.0762771407908039,0.232139703529756,1.05436918891226,0.312182599347784,0.246657749617151,1.43755983125667,0.481641409308858,0.741697683258067
2016,Ireland,1593,0.0840367166068791,0.0497701728332145,0.78377758271313,0.00681941052244603,0.0289106332276737,0.715270481336521,0.420094048972416,0.599371189202535,0.791547622127325,0.652233752502173,1.08327982213993,1.0274530806843,0.666751798589567
2017,Ireland,2645,0.139533656889639,0.774485456039023,0.479243990299845,0.141607122557524,0.78377758271313,0.00681941052244603,0.0497701728332145,0.812688215940804,0.722089891858967,0.469864221805631,1.38314877191566,0.798367032649771,0.702003925335387
2018,Ireland,1449,0.0764401772525849,0.00543752664844296,0.187117913154107,0.5718463327233,0.479243990299845,0.141607122557524,0.774485456039023,1.26302157301297,0.14842653307997,0.824255628872237,1.29193220624065,0.863697014416491,1.24434967784465
2019,Ireland,1873,0.0988077653513399,0.258998484771975,0.62190799823901,0.107171170502414,0.187117913154107,0.5718463327233,0.00543752664844296,0.666361903453952,0.713453455280824,0.779922982687466,1.45013948616708,0.72027286580327,0.82969315552068
2010,Israel,33613,0.129270825321129,0.303723686676828,0.393509010663251,0.595475555871212,NA,NA,NA,NA,NA,NA,NA,NA,NA
2011,Israel,18135,0.0697446350280748,0.276509703474137,0.327887493301991,0.0930491535046189,0.393509010663251,0.595475555871212,0.303723686676828,NA,NA,NA,NA,NA,NA
2012,Israel,27196,0.104591954465041,0.0713832330176839,0.253928475566274,0.720607836066454,0.327887493301991,0.0930491535046189,0.276509703474137,0.721396503965242,0.688524709375831,0.580233390150965,NA,NA,NA
2013,Israel,24848,0.0955618798553957,0.29742095203613,0.377706754539286,0.280491091978541,0.253928475566274,0.720607836066454,0.0713832330176839,0.581815968868265,0.813656989571073,0.347892936491821,0.975324979531517,1.40913254544228,0.651616623168649
2014,Israel,22647,0.0870971463733559,0.11316566582153,0.590711972906582,0.167093825005448,0.377706754539286,0.280491091978541,0.29742095203613,0.63163523010556,1.00109892804499,0.368804185053814,0.959522723407551,1.09414808154961,0.645313888527951
2015,Israel,31086,0.119552342127529,0.555293863732641,0.00606134492348067,0.634168212619166,0.590711972906582,0.167093825005448,0.11316566582153,0.968418727445868,0.447584916983989,0.41058661785766,1.22234720301214,1.16819275305044,0.481969850875344
2016,Israel,20114,0.0773555880316899,0.017715020159929,0.747625198633524,0.00821566152344531,0.00606134492348067,0.634168212619166,0.555293863732641,0.596773317830063,0.801262037624613,0.668459529554171,0.974480072369349,1.08175312960315,0.965880481590301
2017,Israel,25018,0.0962156757172525,0.62654801658272,0.0809056785350424,0.254703062054764,0.747625198633524,0.00821566152344531,0.017715020159929,0.753686543557005,0.642383874142611,0.57300888389257,1.34439851646359,0.809477699148059,0.6861745497141
2018,Israel,25186,0.0968617798630875,0.00884271866727625,0.499260162703094,0.460514917260504,0.0809056785350424,0.254703062054764,0.62654801658272,0.828530877168567,0.262918723578209,0.644263036742649,0.834592222092047,0.897086936197374,1.19955690047529
2019,Israel,32177,0.123748173217445,0.346734011913614,0.010678921893113,0.880068798367721,0.499260162703094,0.460514917260504,0.00884271866727625,0.580165841238137,0.715217979315268,0.635390735249996,1.32779103987166,0.723433640838713,0.653105755409925
2010,Italy,100050,0.0857627051811646,0.179322019924253,0.0157364144662131,0.66256861742118,NA,NA,NA,NA,NA,NA,NA,NA,NA
2011,Italy,81954,0.07025084198318,0.0228723671573144,0.677834897057857,0.0018011556166285,0.0157364144662131,0.66256861742118,0.179322019924253,NA,NA,NA,NA,NA,NA
2012,Italy,97475,0.0835554191657573,0.494479389132369,0.0459381191592988,0.295136683365906,0.677834897057857,0.0018011556166285,0.0228723671573144,0.693571311524071,0.664369773037808,0.202194387081568,NA,NA,NA
2013,Italy,66998,0.0574305819263135,0.0218189456436469,0.349650783654291,0.202836089965197,0.0459381191592988,0.295136683365906,0.494479389132369,0.723773016217156,0.296937838982535,0.517351756289683,0.739509430683369,0.959506456403714,0.696673776213936
2014,Italy,101587,0.0870802192027883,0.135915108690563,0.326079097248045,0.408807986089275,0.349650783654291,0.202836089965197,0.0218189456436469,0.39558890281359,0.497972773331103,0.516298334776015,1.07342379987145,0.499773928947732,0.53917070193333
2015,Italy,78628,0.0673997999298812,0.38598386048974,0.178017249625607,0.109996889183464,0.326079097248045,0.408807986089275,0.135915108690563,0.675729880902337,0.611644076054472,0.15773405433421,0.721668000061636,0.906780759420378,0.652213443466579
2016,Italy,91807,0.0786968183365035,0.0379361861791027,0.738745665139684,0.0102863320462488,0.178017249625607,0.109996889183464,0.38598386048974,0.504096346873653,0.518804875272739,0.521898969180303,0.853747130527944,0.721640965237936,0.54371791482395
2017,Italy,193043,0.165476160882434,0.971584793091707,0.0490234516671293,0.634153364065508,0.738745665139684,0.0102863320462488,0.0379361861791027,0.916762914765291,0.120283221229713,0.423920046668843,1.24284201201334,0.529091207318988,0.559835155359406
2018,Italy,186564,0.159922372108134,0.00226376431106197,0.796713129071265,0.800246827699012,0.0490234516671293,0.634153364065508,0.971584793091707,0.787769116806813,0.644439696111757,1.00952097927081,0.96578636643242,0.754436585295221,1.39550483976055
2019,Italy,168485,0.144425081283843,0.480915200314622,0.580943925518301,0.380886475110942,0.796713129071265,0.800246827699012,0.00226376431106197,0.845736580738394,1.43440019176452,0.973848557402769,1.58448224587808,1.44468652381077,1.01178474358187
2010,Latvia,2179,0.1061425300794,0.527028650782157,0.010861720528696,0.523534929483145,NA,NA,NA,NA,NA,NA,NA,NA,NA
2011,Latvia,1192,0.0580642018607823,0.0116214488527882,0.566196646331933,0.00282392342310191,0.010861720528696,0.523534929483145,0.527028650782157,NA,NA,NA,NA,NA,NA
2012,Latvia,3969,0.193336256028058,0.678233388738374,0.294726688054446,0.960402483487761,0.566196646331933,0.00282392342310191,0.0116214488527882,0.577058366860629,0.526358852906247,0.538650099634945,NA,NA,NA
2013,Latvia,86,0.00418919577183497,0.00259392927048605,0.0189028491268205,0.0203951793210431,0.294726688054446,0.960402483487761,0.678233388738374,0.860923334386379,0.963226406910863,0.689854837591162,0.871785054915075,1.48676133639401,1.21688348837332
2014,Latvia,2465,0.120074041599688,0.28386734962798,0.653340688011373,0.263532378357529,0.0189028491268205,0.0203951793210431,0.00259392927048605,0.313629537181266,0.980797662808804,0.68082731800886,0.879826183513199,0.983621586231906,0.692448766861648
2015,Latvia,1438,0.07004725023138,0.122757671427784,0,0.577714830886016,0.653340688011373,0.263532378357529,0.28386734962798,0.672243537138194,0.283927557678572,0.286461278898467,0.96697022519264,1.24433004116633,0.964694667636841
2016,Latvia,2880,0.140289346777729,0.53555682886463,0.86220446945164,0.00513216946102166,0,0.577714830886016,0.122757671427784,0.653340688011373,0.841247209243545,0.406625021055764,0.672243537138194,0.861642388564588,0.40921895032625
2017,Latvia,2262,0.110185591115008,0.524911335081319,0.292370562197007,0.284574013871754,0.86220446945164,0.00513216946102166,0.53555682886463,0.86220446945164,0.582847000347038,0.658314500292413,1.51554515746301,0.846379378704567,0.942181849920394
2018,Latvia,2366,0.115251595304204,0.00201371453647415,0.320582655000248,0.829919583505315,0.292370562197007,0.284574013871754,0.524911335081319,1.15457503164865,0.289706183332776,1.06046816394595,1.15457503164865,0.867421014218792,1.18322583537373
2019,Latvia,1692,0.0824199912319158,0.474643192749287,0.255645959088414,0.0939107604814578,0.320582655000248,0.829919583505315,0.00201371453647415,0.612953217197256,1.11449359737707,0.526925049617793,1.4751576866489,1.11962576683809,1.06248187848242
2010,Lithuania,41857,0.149244631122553,0.334798382612993,0,1.15764792861253,NA,NA,NA,NA,NA,NA,NA,NA,NA
2011,Lithuania,4907,0.017496318534973,0,0.13733669387667,0.0376264914730602,0,1.15764792861253,0.334798382612993,NA,NA,NA,NA,NA,NA
2012,Lithuania,49260,0.175640646226365,0.426790355316399,0.226708737129254,1.10290736981799,0.13733669387667,0.0376264914730602,0,0.13733669387667,1.19527442008559,0.334798382612993,NA,NA,NA
2013,Lithuania,3600,0.0128361008204408,0,0.124082307930928,0.00427870027348025,0.226708737129254,1.10290736981799,0.426790355316399,0.364045431005924,1.14053386129105,0.426790355316399,0.364045431005924,2.29818178990359,0.761588737929392
2014,Lithuania,15500,0.05526654519912,0.131044385523687,0.340328115743385,0.0812929507241286,0.124082307930928,0.00427870027348025,0,0.350791045060181,1.10718607009147,0.426790355316399,0.488127738936851,1.14481256156453,0.426790355316399
2015,Lithuania,24579,0.0876384783515594,0.171273168352032,0.00232710104014377,0.702784514123418,0.340328115743385,0.0812929507241286,0.131044385523687,0.464410423674313,0.0855716509976089,0.131044385523687,0.691119160803566,1.1884790208156,0.557834740840086
2016,Lithuania,19021,0.0678209649182233,0.0666714570382534,0.607303163112512,0.00423502903146801,0.00232710104014377,0.702784514123418,0.171273168352032,0.342655216783529,0.784077464847547,0.302317553875719,0.466737524714457,0.788356165121027,0.302317553875719
2017,Lithuania,57819,0.206158475926963,1.76548241263587,0.151783555837473,0.144318790796286,0.607303163112512,0.00423502903146801,0.0666714570382534,0.609630264152656,0.707019543154886,0.237944625390286,0.949958379896041,0.788312493879014,0.368989010913972
2018,Lithuania,49697,0.177198806242624,0.00405489259136438,0.969922519345182,0.79801065048969,0.151783555837473,0.144318790796286,1.76548241263587,0.759086718949985,0.148553819827754,1.83215386967412,0.761413819990128,0.851338333951172,2.00342703802615
2019,Lithuania,14219,0.0506990326571798,0.0907765870962902,0.0917292649218886,0.32448447455362,0.969922519345182,0.79801065048969,0.00405489259136438,1.12170607518266,0.942329441285976,1.76953730522723,1.72900923829517,0.946564470317444,1.83620876226549
2010,Luxembourg,363,0.123721881390593,0.627870026817531,0,0.6093487870884,NA,NA,NA,NA,NA,NA,NA,NA,NA
2011,Luxembourg,149,0.0507839127471029,0.0614321525166568,0.364967864658642,0.0814391102957299,0,0.6093487870884,0.627870026817531,NA,NA,NA,NA,NA,NA
2012,Luxembourg,390,0.132924335378323,0.613496932515338,0.149441560484506,0.566304860783388,0.364967864658642,0.0814391102957299,0.0614321525166568,0.364967864658642,0.690787897384129,0.689302179334188,NA,NA,NA
2013,Luxembourg,132,0.0449897750511247,0.00354250197252951,0.285506510326567,0.160848738212151,0.149441560484506,0.566304860783388,0.613496932515338,0.514409425143148,0.647743971079118,0.674929085031995,0.514409425143148,1.25709275816752,1.30279911184953
2014,Luxembourg,358,0.122017723244717,0.374485288820168,0.572800933063657,0.272891010563346,0.285506510326567,0.160848738212151,0.00354250197252951,0.434948070811073,0.727153598995539,0.617039434487867,0.799915935469716,0.808592709291269,0.678471587004524
2015,Luxembourg,245,0.0835037491479209,0.583137820652939,0.00396692395002,0.24793274687625,0.572800933063657,0.272891010563346,0.374485288820168,0.858307443390224,0.433739748775497,0.378027790792698,1.00774900387473,1.00004460955889,0.991524723308036
2016,Luxembourg,170,0.0579413769597819,0.0106804381492685,0.565691976734922,0.00304135471362861,0.00396692395002,0.24793274687625,0.583137820652939,0.576767857013677,0.520823757439596,0.957623109473108,0.862274367340244,0.681672495651747,0.961165611445637
2017,Luxembourg,534,0.18200408997955,0.921495004552135,0.0884395566184416,0.810106338624925,0.565691976734922,0.00304135471362861,0.0106804381492685,0.569658900684942,0.250974101589879,0.593818258802208,1.1424598337486,0.523865112153224,0.968303547622376
2018,Luxembourg,270,0.0920245398773006,0.00252814669992584,0.733162542978494,0.184554709094587,0.0884395566184416,0.810106338624925,0.921495004552135,0.654131533353363,0.813147693338554,0.932175442701403,0.658098457303383,1.0610804402148,1.51531326335434
2019,Luxembourg,323,0.110088616223586,0.417929006033983,0.216099876290742,0.466857279911131,0.733162542978494,0.184554709094587,0.00252814669992584,0.821602099596936,0.994661047719512,0.924023151252061,1.38729407633186,0.997702402433141,0.934703589401329
2010,Netherlands,1758,0.0720994135258172,0.295237675909203,0.00788437887683272,0.417872080472136,NA,NA,NA,NA,NA,NA,NA,NA,NA
2011,Netherlands,1462,0.0599598080629947,0.059244784798189,0.531954021803285,0.00839927402847291,0.00788437887683272,0.417872080472136,0.295237675909203,NA,NA,NA,NA,NA,NA
2012,Netherlands,2479,0.101669195751138,0.310390747824541,0.253563666384321,0.452737543302519,0.531954021803285,0.00839927402847291,0.059244784798189,0.539838400680118,0.426271354500609,0.354482460707392,NA,NA,NA
2013,Netherlands,1810,0.0742320469179346,0.045864193747923,0.409145331519766,0.287310943911657,0.253563666384321,0.452737543302519,0.310390747824541,0.785517688187606,0.461136817330992,0.36963553262273,0.793402067064439,0.879008897803128,0.664873208531933
2014,Netherlands,3430,0.140671779518517,0.249092200043996,1.04836231683656,0.109263278304619,0.409145331519766,0.287310943911657,0.045864193747923,0.662708997904086,0.740048487214177,0.356254941572464,1.19466301970737,0.74844776124265,0.415499726370653
2015,Netherlands,2686,0.11015871713899,0.359669017891579,0.0172617818560285,0.724656371642295,1.04836231683656,0.109263278304619,0.249092200043996,1.45750764835632,0.396574222216276,0.294956393791919,1.71107131474064,0.849311765518795,0.60534714161646
2016,Netherlands,2610,0.107041791412049,0.0358262322277063,1.03033410295496,0.00425757893783041,0.0172617818560285,0.724656371642295,0.359669017891579,1.06562409869258,0.833919649946914,0.608761217935575,1.47476943021235,1.12123059385857,0.654625411683498
2017,Netherlands,3722,0.152647336258869,1.01713752703146,0.271214138425249,0.238121697131982,1.03033410295496,0.00425757893783041,0.0358262322277063,1.04759588481099,0.728913950580126,0.395495250119285,2.09595820164754,0.838177228884744,0.644587450163282
2018,Netherlands,2515,0.103145634253373,0.00774115307783937,0.54936003236148,0.474355157094413,0.271214138425249,0.238121697131982,1.01713752703146,1.30154824138021,0.242379276069813,1.05296375925916,1.31881002323623,0.967035647712108,1.41263277715074
2019,Netherlands,1911,0.0783742771603166,0.0319942668979838,0.445480595380849,0.306267909324333,0.54936003236148,0.474355157094413,0.00774115307783937,0.820574170786729,0.712476854226396,1.0248786801093,1.85090827374169,0.716734433164226,1.060704912337
2010,Portugal,307,0.120439387995292,0.389299031903975,0.0173424435755095,0.797752404473438,NA,NA,NA,NA,NA,NA,NA,NA,NA
2011,Portugal,277,0.108670066692821,0.0537379450678783,1.02173486618793,0.0112278556723949,0.0173424435755095,0.797752404473438,0.389299031903975,NA,NA,NA,NA,NA,NA
2012,Portugal,222,0.0870929776382895,0.36069638852084,0.0366367231214435,0.473596664740611,1.02173486618793,0.0112278556723949,0.0537379450678783,1.03907730976344,0.808980260145833,0.443036976971853,NA,NA,NA
2013,Portugal,180,0.0706159278148294,0.0114867117282062,0.201772114727827,0.492900451692261,0.0366367231214435,0.473596664740611,0.36069638852084,1.05837158930938,0.484824520413006,0.414434333588719,1.07571403288489,1.28257692488644,0.803733365492693
2014,Portugal,333,0.130639466457434,0.69681223664256,0.48694454302243,0.122637884909353,0.201772114727827,0.492900451692261,0.0114867117282062,0.23840883784927,0.966497116432872,0.372183100249046,1.2601437040372,0.977724972105267,0.425921045316925
2015,Portugal,237,0.0929776382895253,0.137833585687468,0.0180954671405004,0.773847330067285,0.48694454302243,0.122637884909353,0.69681223664256,0.688716657750257,0.615538336601614,0.708298948370766,0.7253533808717,1.08913500134222,1.06899533689161
2016,Portugal,280,0.109846998823068,0.00655652426400313,1.0885266356045,0.00338682836217951,0.0180954671405004,0.773847330067285,0.137833585687468,0.505040010162931,0.896485214976638,0.834645822330028,0.706812124890757,1.3893856666689,0.846132534058234
2017,Portugal,278,0.109062377402903,0.614084039632936,0.246139330701836,0.230400403694259,1.0885266356045,0.00338682836217951,0.00655652426400313,1.106622102745,0.777234158429464,0.144390109951471,1.59356664576743,0.899872043338817,0.841202346594031
2018,Portugal,278,0.109062377402903,0.00391325358460362,0.653963407668519,0.432747112775909,0.246139330701836,0.230400403694259,0.614084039632936,1.33466596630633,0.233787232056438,0.620640563896939,1.35276143344683,1.00763456212372,0.758474149584407
2019,Portugal,157,0.0615927814829345,0.232009846074185,0.0823181776071739,0.301599791147986,0.653963407668519,0.432747112775909,0.00391325358460362,0.900102738370354,0.663147516470168,0.61799729321754,1.98862937397485,0.666534344832347,0.624553817481543
2010,Serbia,170759,0.117133679010957,0.151235889355919,0.118616383808564,0.901484516945085,NA,NA,NA,NA,NA,NA,NA,NA,NA
2011,Serbia,128466,0.0881224135057103,0.0150636604283265,0.866160474628776,0,0.118616383808564,0.901484516945085,0.151235889355919,NA,NA,NA,NA,NA,NA
2012,Serbia,173004,0.118673657046548,0.561002742401866,0.166862354150299,0.458871473913321,0.866160474628776,0,0.0150636604283265,0.98477685843734,0.901484516945085,0.166299549784246,NA,NA,NA
2013,Serbia,105069,0.0720730299427979,0,0.543319764184169,0.17741053524381,0.166862354150299,0.458871473913321,0.561002742401866,1.03302282877908,0.458871473913321,0.576066402830192,1.15163921258764,1.36035599085841,0.727302292186111
2014,Serbia,133830,0.0918018977742687,0.179333939838106,0.320686618251989,0.417998419652592,0.543319764184169,0.17741053524381,0,0.710182118334468,0.636282009157131,0.561002742401866,1.57634259296324,0.636282009157131,0.576066402830192
2015,Serbia,106222,0.0728639407111886,0.305048602109748,0.0559459553776408,0.367644849624497,0.320686618251989,0.417998419652592,0.179333939838106,0.864006382436157,0.595408954896402,0.179333939838106,1.03086873658646,1.05428042880972,0.740336682239972
2016,Serbia,162317,0.111342812829903,0.0120240618606807,1.0988894452821,0.00251462115625195,0.0559459553776408,0.367644849624497,0.305048602109748,0.376632573629629,0.785643269277089,0.484382541947855,0.919952337813798,0.963053804520899,0.484382541947855
2017,Serbia,156859,0.107598848411971,0.82504691501329,0.00126738166215362,0.249674187444263,1.0988894452821,0.00251462115625195,0.0120240618606807,1.15483540065974,0.370159470780749,0.317072663970429,1.47552201891173,0.788157890433341,0.496406603808535
2018,Serbia,164519,0.112853294626951,0,0.134584344795817,0.993948601473697,0.00126738166215362,0.249674187444263,0.82504691501329,1.10015682694425,0.252188808600515,0.837070976873971,1.1561027823219,0.619833658225011,1.14211957898372
2019,Serbia,156768,0.107536426139704,0.188972600702552,0.51191193723771,0.374479723456775,0.134584344795817,0.993948601473697,0,0.135851726457971,1.24362278891796,0.82504691501329,1.23474117174007,1.24613741007421,0.837070976873971
2010,Slovakia,242589,0.121592949895519,0.181891093081411,0,1.03403840587377,NA,NA,NA,NA,NA,NA,NA,NA,NA
2011,Slovakia,198581,0.0995348081866942,0.385585292975482,0.394552392812121,0.215210396079339,0,1.03403840587377,0.181891093081411,NA,NA,NA,NA,NA,NA
2012,Slovakia,253945,0.127284920838197,0.695546015509275,0.20041095296617,0.376892239906528,0.394552392812121,0.215210396079339,0.385585292975482,0.394552392812121,1.24924880195311,0.567476386056893,NA,NA,NA
2013,Slovakia,163628,0.082015306569976,0.061511479927482,0.452523051162411,0.306118534609867,0.20041095296617,0.376892239906528,0.695546015509275,0.594963345778291,0.592102635985867,1.08113130848476,0.594963345778291,1.62614104185964,1.26302240156617
2014,Slovakia,239191,0.119889769439088,0.249544316479551,0.520613142725569,0.428740235185762,0.452523051162411,0.306118534609867,0.061511479927482,0.652934004128581,0.683010774516395,0.757057495436757,1.0474863969407,0.898221170595734,1.14264278841224
2015,Slovakia,170064,0.0852412245857457,0.469133358331622,0.0100862865138377,0.373192601011997,0.520613142725569,0.428740235185762,0.249544316479551,0.973136193887981,0.734858769795629,0.311055796407033,1.17354714685415,1.11175100970216,1.00660181191631
2016,Slovakia,204414,0.102458484349837,0.152015555415188,0.859690036598556,0.0128792514846225,0.0100862865138377,0.373192601011997,0.469133358331622,0.530699429239407,0.80193283619776,0.718677674811173,0.983222480401818,1.10805137080763,0.780189154738655
2017,Slovakia,217665,0.109100286653591,0.915298285033874,0.0230089332919336,0.152695648210104,0.859690036598556,0.0128792514846225,0.152015555415188,0.869776323112394,0.38607185249662,0.62114891374681,1.39038946583796,0.814812087682382,0.870693230226361
2018,Slovakia,181704,0.0910755449250185,0.108055731266971,0.153750941006735,0.648948776976479,0.0230089332919336,0.152695648210104,0.915298285033874,0.88269896989049,0.165574899694727,1.06731384044906,0.892785256404327,0.538767500706724,1.53644719878068
2019,Slovakia,123310,0.0618067045563335,0.114366736777467,0.388395418822838,0.11530488996303,0.153750941006735,0.648948776976479,0.108055731266971,0.176759874298669,0.801644425186583,1.02335401630084,1.03644991089722,0.814523676671206,1.17536957171603
2010,Spain,17282,0.103068435962427,0.287307904525639,0.0164737164564794,0.726902738642155,NA,NA,NA,NA,NA,NA,NA,NA,NA
2011,Spain,18840,0.112360220664977,0.0903487012293926,1.03143531172054,0.00181819369983475,0.0164737164564794,0.726902738642155,0.287307904525639,NA,NA,NA,NA,NA,NA
2012,Spain,17842,0.106408230207246,0.793080915778688,0.0419780861803844,0.229023300113389,1.03143531172054,0.00181819369983475,0.0903487012293926,1.04790902817702,0.72872093234199,0.377656605755032,NA,NA,NA
2013,Spain,15862,0.0945996719844938,0.0101734284117403,0.324139910999208,0.61168338043399,0.0419780861803844,0.229023300113389,0.793080915778688,1.07341339790093,0.230841493813224,0.88342961700808,1.0898871143574,0.957744232455379,1.17073752153372
2014,Spain,18950,0.113016251677352,0.319802084932027,0.749213649052036,0.0611467827894561,0.324139910999208,0.61168338043399,0.0101734284117403,0.366117997179592,0.840706680547379,0.803254344190428,1.39755330890013,0.842524874247214,0.893603045419821
2015,Spain,16962,0.101159982108245,0.317964882893278,0.0200137643516998,0.673621173837473,0.749213649052036,0.0611467827894561,0.319802084932027,1.07335356005124,0.672830163223446,0.329975513343768,1.11533164623163,0.901853463336835,1.12305642912246
2016,Spain,13430,0.0800954226927091,0.00991625922826228,0.788328491704427,0.00270947599440147,0.0200137643516998,0.673621173837473,0.317964882893278,0.769227413403736,0.734767956626929,0.637766967825306,1.09336732440294,1.34645133706092,0.647940396237046
2017,Spain,19505,0.116326226330699,0.620221294871395,0.353556478242378,0.18948449019322,0.788328491704427,0.00270947599440147,0.00991625922826228,0.808342256056127,0.676330649831875,0.32788114212154,1.55755590510816,0.737477432621331,0.647683227053568
2018,Spain,14390,0.0858207842552557,0.0038586702628026,0.465700257839169,0.388648914450586,0.353556478242378,0.18948449019322,0.620221294871395,1.14188496994681,0.192193966187622,0.630137554099657,1.1618987342985,0.865815140025095,0.948102436992935
2019,Spain,14612,0.0871447741165946,0.247132203347543,0.068590986317114,0.555198738302677,0.465700257839169,0.388648914450586,0.0038586702628026,0.819256736081547,0.578133404643806,0.624079965134197,1.60758522778597,0.580842880638207,0.63399622436246
2010,Switzerland,4949,0.108426080098151,0.375231267508671,0.00471787712386869,0.70431165634897,NA,NA,NA,NA,NA,NA,NA,NA,NA
2011,Switzerland,3318,0.0726930155113487,0.234493598423705,0.449527147185693,0.0429094095040889,0.00471787712386869,0.70431165634897,0.375231267508671,NA,NA,NA,NA,NA,NA
2012,Switzerland,5921,0.129721321531855,0.581823077447626,0.278723430339322,0.436666707531604,0.449527147185693,0.0429094095040889,0.234493598423705,0.454245024309562,0.747221065853058,0.609724865932376,NA,NA,NA
2013,Switzerland,2380,0.052142669354132,0.00845883396243158,0.137860112261826,0.375107747317062,0.278723430339322,0.436666707531604,0.581823077447626,0.728250577525015,0.479576117035693,0.816316675871331,0.732968454648883,1.18388777338466,1.19154794338
2014,Switzerland,5542,0.121417930067479,0.269071299628874,0.608181281639817,0.336926719406096,0.137860112261826,0.375107747317062,0.00845883396243158,0.416583542601148,0.811774454848666,0.590281911410058,0.866110689786841,0.854683864352755,0.824775509833763
2015,Switzerland,4727,0.103562352116379,0.576378833013126,0.0438768810335029,0.415367807117161,0.608181281639817,0.336926719406096,0.269071299628874,0.746041393901643,0.712034466723158,0.277530133591306,1.02476482424096,1.14870117425476,0.859353211038932
2016,Switzerland,4564,0.099991236526159,0.0269102511364625,0.958157421676616,0.0148446924485109,0.0438768810335029,0.415367807117161,0.576378833013126,0.65205816267332,0.752294526523258,0.845450132642,0.789918274935146,1.12740227384032,0.853908966604432
2017,Switzerland,6089,0.133401980545088,0.890818435243878,0.0602006545011854,0.383000715705818,0.958157421676616,0.0148446924485109,0.0269102511364625,1.00203430271012,0.430212499565672,0.603289084149588,1.61021558434994,0.767139218971769,0.872360383778463
2018,Switzerland,4339,0.0950617824905793,0.00684971108764251,0.479143811630753,0.464624302187397,0.0602006545011854,0.383000715705818,0.890818435243878,1.0183580761778,0.397845408154329,0.917728686380341,1.0622349572113,0.81321321527149,1.49410751939347
2019,Switzerland,3815,0.0835816317588292,0.216786890400598,0.213819343207344,0.40521008398035,0.479143811630753,0.464624302187397,0.00684971108764251,0.539344466131939,0.847625017893215,0.897668146331521,1.49750188780855,0.862469710341726,0.924578397467983
